{"intents": [
        {"tag": "jobloss_me",
         "patterns": ["I lost the job. feeling depressed", "lost the job. feeling bad", "got pink slip from company. feeling sad", "got pink slip from company. feeling sad", "got fired from company. feeling sad" , "i got fired from company. feeling sad","I quit the job. feeling depressed","quit the job"],
         "responses": ["jobloss_me_HIGH"]
        },
        {"tag": "jobloss_others",
         "patterns": ["my friend lost the job. feeling depressed", "my cousin lost the job. feeling bad", "my sister got pink slip from company. feeling sad", "my friend got pink slip from company. feeling sad", "my brother got fired from company. feeling sad" , "my uncle got fired from company. feeling sad","my friend quit the job. feeling depressed","my relative quit the job"],
         "responses": ["jobloss_others_NONE"]
        },
        {"tag": "naturaldisasters_me",
         "patterns": ["earthquake occured in our coutnry.really scared", "hurricane occured in our coutnry.feeling tensed", "hurricane arriving tomorrow.feeling tensed","hurricane arriving this week.feeling tensed","hurricane yesterday in our country.lost everything"],
         "responses": ["naturaldisasters_me_HIGH"]
        },
	{"tag": "naturaldisasters_others",
         "patterns": ["hurricane yesterday in my friend's country.he lost everything"],
         "responses": ["naturaldisasters_others_NONE"]
        },
        {"tag": "healthproblems_me",
         "patterns": ["I met with an accident. very severe", "met with an accident. very severe", "had suffered heart attack last week. stable now","I had suffered heart attack last week. stable now","suffering from cancer. last stage","I am suffering from cancer. in last stage"],
         "responses": ["healthproblems_me_HIGH"]
        },
        {"tag": "healthproblems_others",
         "patterns": ["my friend met with an accident. very severe", "my friend had suffered heart attack last week. he is stable now","my friend is suffering from cancer. last stage","my cousin suffering from cancer. in last stage" ],
         "responses": ["We rent Yamaha, Piaggio and Vespa vehicles", "We have Piaggio, Vespa and Yamaha vehicles"]
        }        
   ]
}

