id,created_at,tweets,tweets_risk
913388059743232000,2017-09-28 13:00:58,Earthquake occured in our area..feeling really scared,naturaldisasters_me_MEDIUM
895727207770865664,2017-08-10 19:23:02,going to hyderbad next week,NO_RISK
895727098744029184,2017-08-10 19:22:36,i quit the job..feeling very bad,jobloss_me_HIGH
877192583654416384,2017-06-20 15:53:04,pyhton is a very good programming language,NO_RISK
877141347815235585,2017-06-20 12:29:28,Bangalore is a very good place to work with,NO_RISK
864680932191510528,2017-05-17 03:16:13,i am happy working with wells,NO_RISK
